make,model,year,vin
Ford,LTD,1986,5TDBK3EH5DS978631
Jeep,Wrangler,2009,WAUVC58EX2A411989
Honda,Civic,2000,1N4CL2AP6AC982571
Hyundai,Santa Fe,2008,1G6KD54Y95U395261
Hyundai,Santa Fe,2003,WAUAH94F96N249003
Mazda,Miata MX-5,2008,JN1AZ4EH7EM637910
Chrysler,PT Cruiser,2009,2FMDK3AK0EB255324
Chevrolet,Tahoe,2011,WBAUP93518V092711
Buick,Roadmaster,1995,JN8AF5MR7CT391583
BMW,X5 M,2012,WAULT58E92A503893
Audi,A4,2012,1C6RD6LP4CS952376
Dodge,Grand Caravan,1994,2T3BFREV0FW431975
Mazda,MX-6,1997,3D73Y4HL0AG723247
Chevrolet,Colorado,2007,JH4DC53054S427927
Lexus,GS,2011,WAUCFAFR5BA164359
Lexus,IS-F,2011,WUAYU48H28K495300
Hyundai,Santa Fe,2009,SCBFT7ZA0DC836551
Mazda,B-Series Plus,1999,3FA6P0LU4DR051792
Buick,Riviera,1987,JN8AZ2KR4AT008723
Mitsubishi,Truck,1994,WBA5A7C55FG343368
Volkswagen,Corrado,1994,WBAWL73509P796025
Hyundai,Genesis Coupe,2010,JN1AZ4EH0FM429076
Mazda,Mazda6,2006,WA1WGAFP6DA021459
Toyota,Tundra,2004,JA32X2HU0BU023120
Mazda,MPV,1994,WBAYA6C53DD847276
Chrysler,Concorde,2004,JN1BY1AP5EM584532
GMC,Safari,1996,1FTSW3B51AE326201
Ford,F150,1993,5GALRAED0AJ930840
GMC,Savana 2500,2011,JTEBU5JR0B5343383
Porsche,Cayman,2011,1G6AH5R32E0710566
Subaru,Baja,2004,19XFA1F25AE671128
BMW,M3,2010,JH4CL969X7C385024
Plymouth,Neon,1995,JTHKD5BH2D2010132
Chevrolet,S10,2000,1G6DP1E36D0494573
Dodge,Ram,1994,JHMZF1C64CS696431
Chevrolet,Traverse,2011,1G4HJ5EM8AU084728
Mazda,Millenia,1997,JN8AZ1FY6CW352681
Chrysler,Sebring,1995,1HGCR2E36DA390900
Nissan,Quest,1997,SCBLC37F64C307504
Kia,Sorento,2004,5FRYD4H26GB164450
BMW,X3,2010,19UYA41613A034894
Buick,Electra,1985,19XFA1E6XAE344728
Hyundai,Tiburon,2003,ZFF60FCAXA0089841
Lincoln,Continental Mark VII,1992,3D7TP2CT1AG398056
Dodge,Ram 2500,2006,1G6DK8EG1A0160313
Volkswagen,Cabriolet,1992,1HGCR2E77EA102631
Toyota,Yaris,2008,JM1GJ1T5XF1274866
Audi,S6,2002,1FTSX2B5XAE778753
Lexus,IS,2007,1G6KD57Y66U693862
Hyundai,Elantra,2002,WAUSH78E56A261067
Land Rover,Range Rover Sport,2006,YV4940BZ5E1920728
Chrysler,Concorde,2001,1G6AB5SA2F0874931
Maserati,GranSport,2006,WAU3VAFR2BA029780
Buick,LeSabre,2004,1G6DU57V790188018
Dodge,Grand Caravan,1992,JM1NC2JF7D0103790
Saab,900,1998,JTDJTUD37DD960759
Toyota,Corolla,2012,WBA3D5C51EK903367
Ford,Ranger,1994,3N1CE2CP2EL401260
Kia,Rio,2005,WAULL44E16N136549
Toyota,Matrix,2003,WAURVAFD3CN434975
BMW,X5,2009,WBAKE3C50BE232538
Mercedes-Benz,CLK-Class,1998,WAUKFBFL0AA413436
Nissan,Maxima,2011,3VWKZ8AJ7BM740338
Subaru,Brat,1985,19VDE1F72DE765648
Buick,Estate,1990,1B3CB3HA5BD162001
Infiniti,Q,1995,1N6AF0LX0EN089166
Toyota,Highlander,2001,1G4GE5G38EF577341
Kia,Rondo,2010,JTJBM7FX3A5439219
Mitsubishi,Endeavor,2009,1G6DJ8EG4A0122139
Chevrolet,Lumina APV,1993,3C4PDDBG0CT338106
Nissan,Xterra,2006,WAULC68E32A578983
Saab,9-7X,2005,1N6AA0CH8EN663293
Ford,Mustang,1970,WAUVC58E34A177276
Chevrolet,Cavalier,1997,1FBNE3BL8CD811561
Dodge,Ramcharger,1993,1G6DH8E34E0530686
Land Rover,Sterling,1991,1G6KD54Y34U331196
Oldsmobile,Bravada,2002,JH4KA96694C390704
Ford,Econoline E350,1998,WAUHF98P56A749657
Maserati,GranTurismo,2008,5J6TF1H50DL737456
GMC,Sierra 3500,2001,JN1AZ4EH9AM531095
Isuzu,Rodeo,1994,JHMFA3F28AS561911
Toyota,Corolla,2007,JM1NC2JF2E0209243
Lotus,Esprit,2003,WDBSK7AA1BF263647
Chevrolet,Beretta,1995,2D4JN1AG2BR589345
Mazda,Tribute,2009,3LN6L2G9XER016808
Ford,Freestar,2003,1D7RB1CP2AS264770
Volkswagen,Golf,1998,SCBGT3ZA3FC772294
Corbin,Sparrow,2004,WAUMGBFL1DA141456
BMW,7 Series,2007,WAUAFAFL2AN586681
Buick,Century,1999,3D7TP2CT3AG828010
Chevrolet,Express 3500,2012,1G4HP54KX54621409
Pontiac,6000,1990,3D7TP2HT8AG043085
Honda,Prelude,1995,WUADUAFGXAN638618
Acura,RL,2009,5TDDK3DCXES762578
Tesla,Model S,2012,KMHTC6ADXDU780334
GMC,Savana,2009,JTEBU5JR0B5103010
Subaru,Leone,1987,1N6AF0KY8EN972040
Ford,Mustang,2005,2FMGK5BC1AB137924
Mazda,B-Series,2007,WUADU98E18N968362
Land Rover,Freelander,2002,JH4DC23151S108840
Plymouth,Grand Voyager,1994,1GYFC53219R392212
Subaru,Baja,2006,WA1DKAFP7CA320611
Dodge,Caravan,2006,5GADV23187D448686
Ford,Escape,2003,1ZVBP8AN7A5242492
Jaguar,XJ Series,2000,WBAAV33471F039010
Toyota,Sequoia,2009,4A31K2DF4CE985352
Pontiac,Gemini,1986,3GYFNFE35FS095832
Lexus,SC,2003,1FTSW3A55AE927449
Lexus,GX,2004,JTEBU4BF1BK472460
Buick,Reatta,1989,SALVP2BG7FH672311
Mercedes-Benz,SLK55 AMG,2009,1G6DK8EVXA0341134
Suzuki,XL-7,2007,WVWED7AJ8DW346021
Mercedes-Benz,E-Class,2000,3VW517AT7EM984527
Subaru,Legacy,1989,3C6JD6BP7CG705830
Volkswagen,Routan,2012,3D73M4CL5BG737181
Volvo,960,1992,1FBNE3BL3BD124535
Mitsubishi,Diamante,1995,1D7RW2BKXAS996256
Lamborghini,Gallardo,2010,1FTNX2A55AE229105
Mazda,B-Series Plus,1994,2C4RDGBG7CR747250
Plymouth,Grand Voyager,1995,2G4GR5GX5F9768720
Ford,E150,2003,1N4CL2AP5BC654303
Lexus,GS,2000,5TDBKRFH2ES605159
Ford,Probe,1992,1GYS4BEF5CR388892
Hummer,H3,2006,WA1CYAFE3AD286008
BMW,525,2002,5N1CR2MM9EC138505
Dodge,Magnum,2006,WAUEH94F87N354683
Audi,Q7,2010,5GAKVCKD0DJ150414
Ford,Mustang,1973,4A31K3DT9BE242227
GMC,Rally Wagon 2500,1992,1FTMF1EW5AK381320
Lincoln,Town Car,1992,5BZAF0AA6FN815020
Chevrolet,Monte Carlo,1999,5GAKVBED5CJ451121
Audi,4000CS Quattro,1986,1GTN1TEH9FZ455713
Volkswagen,Touareg,2006,1GYEC63858R533562
Pontiac,Grand Prix,2003,TRURD38J491785291
Subaru,Impreza,1996,JTHBL1EF6B5789455
Mercedes-Benz,SL65 AMG,2006,3VWML7AJ3EM724520
BMW,Z8,2003,1FTWX3B56AE989018
GMC,Savana 2500,1996,1GYS3KEF0CR139936
Porsche,911,2005,5N1AT2MLXEC314378
Dodge,Journey,2009,WBS3C9C5XFP579975
Acura,Integra,1997,WAUVC68E75A192936
Dodge,Ram 2500,2000,1FM5K7B82DG940009
Toyota,Solara,2004,JTDKN3DU7F0595561
Lexus,ES,1993,JM3ER2A5XB0105043
Chevrolet,Camaro,1996,4A31K2DF3AE600151
Cadillac,Seville,2003,1FTEW1E87AF590878
Chevrolet,Corvette,2003,WDDDJ7CBXBA637002
Pontiac,Aztek,2002,3C6TD5HT2CG454450
Mercury,Tracer,1992,3GYFNDE30ES724853
Land Rover,Freelander,2005,WVWBB7AJ4DW440681
Ford,Probe,1995,5FPYK1F26DB486761
Cadillac,DTS,2010,WAUKH98E37A792622
Chevrolet,Avalanche,2009,SCBLF44J77C701376
Toyota,Paseo,1994,JM1NC2MF5D0098553
Dodge,Dakota Club,1995,SCFBB03C19G181690
Cadillac,Escalade ESV,2004,1G4GD5G34EF793853
Ford,F-Series,1987,WAUKH98E86A733211
Honda,Odyssey,1998,2HNYD18676H987278
Pontiac,Sunfire,2003,WUARL48H47K826013
Ford,F-Series,1995,1G4GJ5E32DF538130
Ford,Explorer Sport,2000,WAUEF78E08A564621
Dodge,Neon,1995,WBALX3C50CC556763
Pontiac,Grand Am,2002,3D73M3HL6AG605256
Volkswagen,Jetta,1990,5UXWX9C57D0408758
Mercedes-Benz,R-Class,2011,WBALW7C57ED587399
BMW,3 Series,2008,2V4RW3D19AR784282
Dodge,Dakota Club,2002,WDDHF2EB1CA207699
Ford,Ranger,2003,1N6AA0EC2FN223475
BMW,7 Series,2001,WAUFFAFL3EN644874
Hyundai,Sonata,2009,WUAUUAFG0EN467531
Buick,Skylark,1986,2C3CDXDT4EH935205
Pontiac,Sunfire,2003,WBAVT13596K289819
Suzuki,Swift,1999,WVGDP9BP7ED809695
Hyundai,Genesis Coupe,2013,5UMDU93417L590769
Volvo,XC90,2006,WBAKF5C57DE676267
Buick,Coachbuilder,1991,YV4612HM4F1168007
Pontiac,Grand Prix,1995,SCFFDCBD8AG942288
Oldsmobile,Cutlass,1997,1G4HA5EMXAU811383
Lexus,GS,2002,JTHDU1EF6A5458718
Merkur,XR4Ti,1985,1FMJU1J50AE045932
Pontiac,Firebird,2000,4T1BF1FK2EU110002
Audi,A6,1996,5N1AR2MM8FC369243
Dodge,Ram Van 2500,1995,WBAEV33435K116955
Mazda,Mazda2,2012,1C6RD6HT5CS956166
Chevrolet,Lumina APV,1993,19UUA66228A512666
Saturn,L-Series,2005,JHMZF1D44DS194839
Ford,Econoline E250,2001,WVWAN7AN8EE615169
Porsche,911,1996,JN1CV6FE5CM496773
Volkswagen,Golf,2011,SALME1D48AA380988
Honda,CR-V,2011,JN1CV6EK7DM711160
Mercedes-Benz,CL-Class,2012,5J8TB18299A273949
Mazda,Mazda5,2008,3C63D2JL9CG387046
Lamborghini,Murci√©lago LP640,2008,1D4PT2GK1AW019733
Pontiac,LeMans,1989,4T1BF3EK3BU199877
Chrysler,PT Cruiser,2001,WA1YD54B02N518013
Audi,5000S,1986,1G6DP577970967135
BMW,M5,2003,WBABW53456P091542
GMC,Canyon,2007,JH4CU4F48AC901456
GMC,3500,1996,JM1NC2PF4E0787027
Dodge,Ram 2500,2001,1GKS1CE0XER691965
Mercedes-Benz,C-Class,1996,1G6DS8EV0A0618986
Mitsubishi,GTO,1997,1G4GD5G31FF094701
BMW,545,2004,WAUCFAFH9BN372485
Chevrolet,Silverado 2500,2003,1G6DF8EY2B0671043
BMW,X5,2007,4USBT53403L070767
BMW,760,2006,5UXWX9C57DL106515
GMC,Savana 1500,2005,JN1AZ4EHXFM901669
Ford,Explorer Sport Trac,2002,3N1AB6AP9AL123820
Mercedes-Benz,C-Class,2011,5UXFG83549L050437
Mazda,Protege5,2002,3D7TT2HTXAG826128
Volkswagen,Eurovan,1993,3D73Y4EL7BG731240
Chevrolet,Malibu,2013,WAUNF78P47A477417
Pontiac,Safari,1986,1GD120EGXBF256811
Acura,ZDX,2010,1G6AD5S34D0464771
BMW,3 Series,1992,SAJWA1CB2BL229468
Chevrolet,Silverado 3500,2007,4JGDA2EB2CA190107
Chrysler,300,2009,JH4KB16597C023702
Volvo,C70,2012,1C3CDZCB6DN637510
Chrysler,Town & Country,2002,JTEBU5JR9E5166403
Mazda,RX-8,2006,1D7RV1GP1AS336947
Cadillac,Seville,2000,WAUAFAFH5DN866028
Lexus,CT,2012,KMHTC6AD0EU996940
Mitsubishi,L300,1988,1G6AG1RX2F0374112
Toyota,Prius,2001,5N1AN0NUXAC013254
Volkswagen,Passat,1985,1LNHL9DK7EG814716
Mitsubishi,Mirage,1988,KMHHT6KD0BU260600
Honda,Pilot,2004,5N1AN0NU2FN370438
Audi,A5,2011,3C4PDCDG5CT818326
Toyota,Tundra,2012,WBA3B5C52FP522931
Mitsubishi,Mirage,2002,WAUDF78E85A522334
Acura,NSX,1999,SALSF2D46DA429961
Audi,Q7,2009,3C6JD7DP5CG667145
Ford,F350,2005,WUADUAFG5BN459856
Ford,F250,1999,SALVP2BGXFH996935
Suzuki,Sidekick,1990,1C3BCBGG7CN491824
Mazda,MPV,1993,TRUWX28N821049631
Saturn,S-Series,2001,JHMGE8G29AC025306
Dodge,Grand Caravan,1993,1GYFK66887R130306
Audi,A3,2007,1C4RDHEG8CC893683
Plymouth,Grand Voyager,1994,KNALU4D44F6200131
Bugatti,Veyron,2011,5N1AN0NW5EN114956
Buick,Century,1985,4T1BK3DBXAU538744
Infiniti,M,2007,WAULD54B32N901635
Hyundai,Elantra,2013,2G4GL5EX3E9386107
Geo,Tracker,1994,KNAFX6A87E5478453
Geo,Prizm,1995,1GD312CG3DF488549
Chevrolet,Tahoe,2013,2G4WE537051116906
GMC,Sonoma,2001,2G4GP5EC6B9052568
Honda,Ridgeline,2007,SAJWA0ES6EP025969
GMC,Savana 1500,2010,2G4WE587771755652
Ford,Thunderbird,2005,1YVHZ8BA2A5901429
Chrysler,Imperial,1992,SCBBB7ZH9EC964481
Dodge,Grand Caravan,1992,WAUDFAFL8EN106565
Toyota,Land Cruiser,1996,JTDZN3EU2E3978981
GMC,Savana 1500,2009,SCBGR3ZA7CC494350
Toyota,Solara,2003,2G4GS5EK6C9002079
Subaru,SVX,1994,WBALZ5C56CD644510
Buick,Rendezvous,2006,YV1902MM2F1471533
Volvo,S80,2004,JTHFE2C23B2058839
Volvo,S80,2011,1FTMF1EW9AK229802
Chrysler,Aspen,2007,KMHFG4JG1DA162191
Mazda,Tribute,2009,2C3CDXBG9CH103958
Mitsubishi,Truck,1994,3N1CN7AP3EK338482
Volkswagen,riolet,1992,1N6AA0CC9CN532410
Ford,Explorer Sport Trac,2007,SCBDU3ZA2CC155514
Pontiac,Grand Am,1999,YV4960BZ3A1102998
Buick,Regal,2000,WAU32AFD7FN165253
BMW,5 Series,2008,WBAVS13527F733426
Aston Martin,DBS,2011,2T2BK1BA9CC081732
Buick,Enclave,2012,3N1CN7AP0DL397434
Land Rover,Range Rover,1992,3D7JV1EP2BG895903
Lexus,SC,2000,4T1BF1FK4EU712044
Nissan,Frontier,2006,4JGCB2FB1AA018509
Mazda,929,1990,3N1CN7AP3EK185358
Cadillac,Escalade ESV,2008,JM3TB2MA6A0111974
Dodge,Ram Van 2500,1998,JTMHY7AJXE4001121
Kia,Optima,2008,WUAUUAFG8F7041138
Suzuki,Kizashi,2012,WBAEU33455P188570
Plymouth,Breeze,2000,WA1LMBFE3AD230555
Chevrolet,3500,1997,1FTEW1CW0AK776075
Hyundai,Equus,2013,JA32U1FU6CU366828
Mercury,Marquis,1985,1FTEX1CMXDF918036
Toyota,Prius,2008,WAUGVAFR5CA552102
Dodge,Charger,2009,WA1CGAFE2DD323511
Kia,Optima,2012,KMHDB8AE5CU772135
Ford,Mustang,2001,1G4CW54K614645763
Bentley,Continental Flying Spur,2006,TRUWT28N521369615
Buick,Park Avenue,2001,JHMZF1C66ES027189
Lincoln,Town Car,1995,1FTFW1E88AF956979
Volvo,S40,2006,2T1KE4EE2AC704875
Toyota,Sequoia,2003,5N1BA0NC7FN998972
GMC,Jimmy,1996,JHMZF1C68ES829081
Mercedes-Benz,400E,1993,3VW1K7AJ5DM333020
Mazda,Millenia,1999,1GD422CG2EF357017
Mazda,B-Series Plus,1995,WAUJC68EX3A151275
Nissan,Pathfinder,1997,WBAPH73559A393120
Chevrolet,Venture,1999,WAUJC58E95A377711
Maserati,Quattroporte,2009,JH4KC1F59EC701925
Mercury,Sable,1998,WAUGGAFC3CN215541
Jaguar,XK Series,2004,1G6DC5EY9B0278471
Nissan,Altima,1993,WDDEJ9EB8DA637953
Lotus,Esprit,1993,WAUKD78P37A839147
Buick,Coachbuilder,1995,WAUGU44D13N080534
Chevrolet,Lumina,2000,5N1AT2MK4EC741756
Aston Martin,DBS,2010,WAULC58E84A190161
Buick,Park Avenue,2003,1GKS1HE09DR746059
GMC,Suburban 2500,1995,WBAKF3C56DJ661111
Mercedes-Benz,CLS-Class,2012,WAUBC48H56K775440
Cadillac,Seville,1994,KNDJN2A2XE7139424
GMC,Envoy,2004,5GAKVCED9BJ634350
Suzuki,Esteem,1998,WBAYB6C50DD107035
Ford,Taurus,1991,1J4RG4GK2AC115582
Saab,900,1990,1D4PT6GX4AW332469
Pontiac,Vibe,2008,WAURD68D11A616725
Toyota,T100 Xtra,1995,2FMGK5BC5CB930467
Jaguar,X-Type,2008,WA1WKBFP3BA762704
Hyundai,Sonata,2003,1N6AF0LY0EN369257
Volkswagen,Golf,1990,YV1902FH7D1156840
Toyota,Prius,2002,WA1EY94L98D098631
Mitsubishi,Eclipse,2001,SALWG2VF3FA759638
Mitsubishi,Mirage,2002,WBADT334X2G277092
Maybach,Landaulet,2010,2T2BK1BAXEC502232
Dodge,Ram Van 3500,2003,1GYUCAEF3AR603303
MINI,Cooper,2009,1FTEX1CMXCF634758
Buick,Park Avenue,1992,3C3CFFBR6ET892389
Toyota,Supra,1995,WBAWL7C5XAP258145
Toyota,Sienna,1999,1G6DG577590856469
Toyota,4Runner,1992,1FTEX1CM8BF802797
Hyundai,Sonata,2008,1N4AA5AP9AC562401
Chevrolet,G-Series 1500,1996,WBAEW53425P382558
Oldsmobile,Bravada,1992,JN8AZ1MU0AW838772
GMC,Suburban 2500,1992,WAUXF98K89A771589
Volkswagen,Routan,2012,2G4GN5EX7F9247108
Toyota,Land Cruiser,1992,WA1CFAFP9CA262999
Dodge,Ram Van 2500,1998,1G6AS5SX1E0190892
Chevrolet,G-Series G10,1992,WAUNF78P28A343510
Audi,A6,2007,JN8AF5MR9BT928064
Land Rover,Discovery,2005,5N1AR1NB9BC594420
Chevrolet,Cobalt,2005,WBASN2C5XAC443167
Nissan,Versa,2011,WA1DGAFE0FD094334
Buick,Roadmaster,1995,WBAUT9C52AA225968
Dodge,Ram 3500 Club,1996,1GYEK63N26R354384
Volkswagen,CC,2009,WAUEKAFB5AN479032
Pontiac,LeMans,1988,WAUEV74F07N953820
GMC,Savana 2500,2012,19VDE1F55EE406973
Audi,riolet,1994,3C3CFFHH4ET265530
Hyundai,Accent,2010,KMHCT4AE9EU369442
Hyundai,Sonata,1999,WAULT64B34N598920
Mitsubishi,Montero Sport,2003,KMHHT6KD5CU863527
Volkswagen,Fox,1992,5GADX23L45D276956
Porsche,928,1988,JH4DC43521S589595
Toyota,Land Cruiser,2013,WAUGU44D03N083361
Chevrolet,G-Series 2500,1996,JH4DC445X1S143533
Kia,Rondo,2008,1G6DK67V290563826
Honda,S2000,2006,1G4PT5SV0E4081086
Toyota,FJ Cruiser,2012,1GKS1EEF5CR653377
Subaru,Legacy,1995,JHMGE8G37BC146538
Acura,CL,1999,2G4GS5ECXB9675027
Volkswagen,Golf,2000,2T2BK1BA7FC740265
Volkswagen,CC,2009,1FMJK1G52AE322917
Ford,Aerostar,1987,WDDEJ7GB5CA322771
Ford,Mustang,2006,5N1AT2ML4EC969894
Volkswagen,Golf,1990,5N1AN0NU6BC459287
Chevrolet,Silverado 3500,2001,1G6DE5EY5B0985299
Jaguar,XF,2011,2G4GR5GX6F9682140
Ford,Th!nk,2000,2HNYD18231H731578
Dodge,Avenger,2008,1C4AJWAG7FL202101
GMC,Sierra 2500,2006,3C63D3ML1CG732541
Toyota,Avalon,1996,JM1DE1KY0E0328117
Hyundai,Accent,1995,WAUEFAFL9AN495280
Bentley,Continental Flying Spur,2009,2G4GV5GV6C9533555
Saturn,S-Series,1995,2G61L5S33F9039800
Subaru,Forester,2010,WA1CMBFP9FA581299
Toyota,Previa,1992,WAULC68E02A562921
Infiniti,QX,2003,1FM5K7B89FG823403
Isuzu,Stylus,1993,5FNYF3H2XFB388731
Mitsubishi,Mirage,1997,2LMHJ5ATXFB900059
Audi,5000S,1986,YV1672MW8B2169068
Ford,Explorer,1991,WAUUL78E78A583784
Mercedes-Benz,S-Class,1998,WAU4FBFL7BA705336
Toyota,Sequoia,2001,1HGCR2F38FA695459
Oldsmobile,Cutlass Supreme,1997,WA1MYAFE6AD440604
Toyota,Matrix,2011,1GD022CGXCZ358751
Mercury,Topaz,1994,KMHGN4JE5FU853444
Ford,Explorer,2002,WA1CMAFP0EA736024
Toyota,Sequoia,2009,WBA6B4C58FD826421
Toyota,4Runner,1995,5YMGY0C56D0383843
Land Rover,Range Rover Sport,2009,JH4CU2F62AC990687
Dodge,Neon,2002,WAULD54B04N739952
Chevrolet,Prizm,2000,1LNHL9DK4FG786844
Jeep,Wrangler,2005,WBAVL1C53FV947018
Infiniti,QX,2012,1GKS1AE05ER128228
Honda,Ridgeline,2010,WAUKFAFL7DN939909
BMW,525,2001,WAUHF98P89A338421
Volkswagen,Golf,1990,1FTEX1EWXAF852470
Ford,F350,2003,WAUNF78P06A507477
Dodge,Dakota Club,2007,3MZBM1K74FM024401
BMW,Alpina B7,2007,1G4GC5GG8AF476447
Scion,xB,2012,KMHTC6AD1CU055784
Buick,Electra,1985,1G4GC5GC3BF231425
Subaru,Justy,1990,1N6AF0LYXFN942702
Dodge,Ram 1500,2001,WBAWV53518P600512
Audi,A4,2012,1FTWW3A57AE485629
Chevrolet,Suburban 1500,2002,1FTSW3B54AE777493
Aston Martin,Vantage,2009,19UYA426X2A385834
Mitsubishi,Precis,1993,19VDE1F32DE276437
Lincoln,Zephyr,2006,WAUHGBFC9DN678313
Chevrolet,Silverado 2500,2010,1GD312CG7EF446483
MINI,Cooper,2006,WBADW3C54CE191354
Lincoln,Continental,1992,5N1AN0NU9AC115631
Ford,Aerostar,1994,WBA3B9C54DF273350
Ford,Thunderbird,1991,TRUSC28N631895901
BMW,1 Series,2010,WAULC58E14A684023
Jaguar,XJ,2012,4A31K2DF7AE893293
Mercedes-Benz,C-Class,2005,5TDBKRFH4ES165834
Volvo,850,1997,1G6DN56S450779275
Volkswagen,Type 2,1987,5N1AZ2MH6FN766392
Mazda,B2600,1987,WDDGF4HBXDG197756
Nissan,Quest,1997,1G6AE5SX7E0323193
Mazda,929,1992,WAUDV94F67N882646
Chevrolet,Express 1500,2006,KMHTC6AD2EU026748
Ford,Escape,2007,2V4RW3DG2BR203145
Chevrolet,Metro,1998,2FMGK5DCXAB876304
Acura,TL,1998,WVGEF9BP1DD903559
Lamborghini,Gallardo,2003,2C3CCAAG9EH191608
Pontiac,GTO,2004,3C4PDCBB5CT456358
Nissan,Sentra,1998,WBAWC3C50AP892718
Suzuki,Daewoo Magnus,2004,WAUDF68E45A162649
Dodge,Dynasty,1993,5GAKRAED1BJ752496
Chevrolet,Suburban 1500,1994,1GTN1TEX9DZ551622
Ford,Aerostar,1992,1D7RV1GP2AS990338
GMC,Sierra 1500,2003,WDDHF0EB7EB021683
Austin,Mini,1963,WAUDF98E97A851462
Lincoln,Continental,2002,3D7TT2HT2BG207363
Ford,Windstar,1998,WA1WMAFE1DD987627
Chevrolet,Blazer,1992,1FTEX1CM2DF296371
Toyota,Highlander,2005,WAUGN74F67N798912
Audi,S8,2003,2T1BURHE7EC365791
Audi,A6,2004,JTDKN3DU1A0914347
Pontiac,GTO,1965,19UUA66298A845415
Infiniti,FX,2008,JH4NA12613T695049
Cadillac,Sixty Special,1993,WAUUL68E25A627910
Mitsubishi,Eclipse,1994,19XFB4F39EE511900
Maybach,62,2004,WBAVC73558K639095
Ferrari,430 Scuderia,2009,1G4PP5SK0F4449942
Chevrolet,S10,2004,1G6DG5EY0B0924839
Dodge,Ram Van B350,1993,3GYT4MEF5CG113765
Nissan,Quest,1999,WBAPH53529A785931
Subaru,Legacy,1997,WA1DVBFEXAD002361
Mitsubishi,Galant,2003,WP0AB2A80CU193455
Dodge,Nitro,2008,2LMHJ5AR6AB724642
Cadillac,Escalade EXT,2004,WAUEF98E08A967817
Infiniti,G35,2006,5N1AA0NE5EN091617
Subaru,Forester,2004,WAUMGBFL6BA485488
Hyundai,Tiburon,2004,WBAYF8C51FD541063
Mercedes-Benz,300SE,1992,1G6KD54Y55U547522
Chevrolet,Corvette,1994,1FAHP2D84FG403382
Volkswagen,Tiguan,2009,JN1AY1AP4BM627748
Lincoln,Continental,1989,4A4AP3AU9DE609849
GMC,2500 Club Coupe,1995,WBAEP33452P985128
Ford,Ranger,1993,2G61W5S89E9131270
Peugeot,207,2006,WAUKFAFL1BA184308
Kia,Sephia,1995,WAULC58E13A858025
Volvo,C30,2010,1GKS1HE05ER822703
Toyota,Solara,2000,1FTWW3A51AE984569
BMW,M5,2002,5N1AA0NC1CN944817
Volvo,XC90,2012,SCFFDAAE3CG726477
Porsche,Cayman,2006,YV1902FH5D2739322
Toyota,Solara,2007,1G6DA5EY4B0605526
Ford,Tempo,1993,3TMJU4GN8AM951157
Infiniti,M,2008,WBADT43423G166303
Chevrolet,Impala,2010,3LN6L2G93FR015470
Lotus,Esprit,1997,JN1BJ0HR9EM711725
Oldsmobile,Bravada,1994,JTMHY7AJ9B5531764
Ford,Thunderbird,1983,WAUVC68E34A279571
Lexus,CT,2012,JTHBL5EF6F5482347
Buick,Park Avenue,1991,TRUWT28N831742986
Volkswagen,Jetta,1995,1FTMF1CW7AF568005
Kia,Sportage,1996,KMHEC4A42DA760965
Chevrolet,Suburban 2500,2008,WBAVB73517F622871
Chrysler,Pacifica,2005,WAUEKBFB8AN965324
GMC,Envoy,2008,WBAKB4C54BC863917
Infiniti,G,1993,5N1AA0NE4FN983648
Land Rover,Freelander,2005,WA1DGAFE1FD110976
Mazda,MX-5,2002,1G4GA5GR1FF574962
Hummer,H2,2009,2GKALMEK8D6415727
Jeep,Wrangler,2011,4T1BK1EB7EU071579
Chevrolet,Express 1500,1997,1G6DJ5EVXA0519125
Chevrolet,Express 2500,2010,1G4HP52K854847550
Pontiac,Safari,1988,WAUDT48H36K162046
Subaru,B9 Tribeca,2007,1N6AD0CW3EN457711
Lotus,Esprit,1996,ZHWGU5BZ9CL486555
Toyota,Sequoia,2004,WAUML44E84N890338
Mazda,Mazdaspeed 3,2009,WAUJT68E02A596252
Toyota,MR2,2002,JTDJTUD3XDD754495
Rolls-Royce,Phantom,2008,WVWED7AJ2BW580555
Mazda,RX-7,1989,WAUVT64B63N799623
Plymouth,Sundance,1993,WA1DVBFE1AD581062
Volkswagen,Eos,2011,1HGCP2E39BA008071
Suzuki,Daewoo Lacetti,2006,WBA6A0C56ED051725
Panoz,Esperante,2008,JN1CV6EK0BM231524
Subaru,Impreza,2001,2G4WD552971052694
BMW,5 Series,2008,1G6KD57YX9U225377
Toyota,Tundra,2007,1GYFK43559R936024
Lexus,ES,2010,2T1BPRHE3EC439439
Ford,LTD Crown Victoria,1986,1G6DE5E57D0844405
Volvo,XC70,2006,WDDGF4HB2DF206620
Audi,A4,2004,WP1AA2A27BL355063
Buick,Skylark,1988,1FTEW1CM4CF911732
Volkswagen,Phaeton,2004,2T1KE4EE6DC126008
Mazda,Mazda5,2010,3GYFNFE37CS334955
Buick,Regal,2001,1N4AL2AP0AC426215
Mazda,MX-5,1996,4USBU53527L277396
Honda,CR-V,2004,KMHGN4JE9FU309903
Toyota,Solara,2006,WAUUFAFH6DN556435
Isuzu,Rodeo Sport,2003,JM3KE2BE7D0337535
Toyota,RAV4,2006,1GD02ZCG6DF585768
Audi,Allroad,2003,1FMJK1G5XCE422329
Ford,Mustang,1964,KNDJT2A10B7689840
Cadillac,Seville,2002,1ZVBP8AN8A5021757
Chevrolet,Tahoe,2006,1G6AV5S89F0004923
Pontiac,LeMans,1991,JM1CR2W31A0219177
Pontiac,LeMans,1993,1G6AF5SXXE0858242
Acura,RL,2003,1C4RDJEG4CC360284
Nissan,Pathfinder Armada,2004,19UUA8F29CA994668
Lexus,LX,2009,2C3CA4CD9AH947121
Cadillac,DeVille,2000,3VW8S7AT3FM960673
Land Rover,Defender 90,1994,WAUKF78E66A660639
Lexus,LS,2011,5TFBY5F15DX188896
Porsche,928,1989,1GYS3AKJ3FR488726
Pontiac,Firebird,1967,JH4NA21601T849562
Lamborghini,Diablo,2000,WVWGU9AN4BE757877
Nissan,350Z,2007,WAUGL98E67A245171
Kia,Sportage,1995,1FTNF2B52AE088642
Ford,Mustang,1992,WBAYB6C53FG008484
Nissan,Altima,2010,JN8AZ1FYXCW523318
Ford,Expedition,2006,TRUWT28N621733301
Toyota,Corolla,1993,KNADH5A39B6329843
Chevrolet,Traverse,2011,3FADP0L34CR801415
Corbin,Sparrow,2004,KMHCT4AE6EU236010
Ford,Econoline E150,1997,SCFEBBAC0AG493550
Chevrolet,Impala SS,1994,4T1BF3EK4BU786105
Hyundai,Sonata,2010,WAUMF98K39A658023
Lexus,HS,2011,1GKS1EEF2BR300805
Ford,F150,2009,WBA3B5C50EP138922
Plymouth,Voyager,1999,1GKS1AEC3FR927730
BMW,3 Series,2004,WAUDGBFL7BA069871
Pontiac,6000,1986,1N4AL3AP0EC973108
MINI,Cooper Clubman,2008,KNADM4A39F6952424
Land Rover,Defender 90,1994,5N1AA0NC5FN908522
Plymouth,Voyager,1993,1G4PN5SK2C4753761
Mitsubishi,Eclipse,2009,1G6AJ5SX8E0988731
Pontiac,G6,2007,JN8AZ1MU7DW892445
GMC,Savana 2500,2007,2HNYD2H35CH141707
Toyota,Land Cruiser,1999,WAURFAFR8EA716824
Jeep,Grand Cherokee,2009,WBA3G7C55EF392922
Chevrolet,Express 3500,2001,3VW517ATXFM824336
Ford,Taurus,1999,3FAHP0DC4AR456044
Volkswagen,Touareg,2009,3GYFNDE39ES690914
Mazda,RX-8,2007,JTHBL1EF1B5644016
Acura,RL,2006,2T1BU4EE9BC920162
Chevrolet,Citation,1980,WAUKH74F76N702592
Ford,Expedition,2005,YV126MEDXF1955931
Mercedes-Benz,500SEC,1993,1G6AB5RA5D0047346
Chevrolet,3500,1999,TRUUT28N611597239
Pontiac,LeMans,1964,2C3CDXCT1FH254616
Subaru,Legacy,1990,JH4DC54833S618992
BMW,X6,2013,3GYFNFE32FS791824
Audi,A8,2000,5FPYK1F52EB624842
Oldsmobile,Achieva,1998,1GTN1TEH1FZ139674
Nissan,Altima,2012,JTHBP5C20A5165340
Mercedes-Benz,SL-Class,1997,JM1NC2EF2A0419586
Lincoln,Town Car,1994,1GTN1TEX5DZ389438
Suzuki,Grand Vitara,2010,WAUFGBFC2EN237079
GMC,Sierra Denali,2006,JN8AF5MV3FT098247
Maserati,Quattroporte,1984,WVWED7AJ0CW766564
Honda,Civic,2001,5GADV23117D814052
Mercedes-Benz,SLK-Class,2006,WBAUU33539A407670
Saab,9-5,1999,WAUSFAFL2BA171342
Chevrolet,Silverado 3500,2012,1G6DD1E35E0155250
Mitsubishi,Starion,1988,1C3ADEBZ7DV951374
Kia,Carens,2008,WAUVVAFR8CA419020
Hyundai,Elantra,1993,2HNYD18683H806071
BMW,X6,2009,JH4DB75591S021555
Ford,Thunderbird,1980,1N4AL3AP2DC102810
Toyota,Corolla,2005,WBASN2C59BC639005
Chevrolet,Lumina APV,1992,WAUKH74F26N338484
Mercury,Cougar,1968,WBA3D5C53EF916713
Buick,Skylark,1998,WP0AA2A99FS222236
Mazda,Tribute,2010,WVGAV7AX1FW066293
Mercedes-Benz,G-Class,2002,KNALN4D79F5398993
Saab,9000,1993,1FMEU8FE5AU030786
Lamborghini,Gallardo,2008,2CTALMEC2B6411243
Jaguar,S-Type,2002,WAUMGBFL9AA568864
Chevrolet,S10 Blazer,1993,KMHFG4JG2DA481177
Hummer,H2 SUV,2006,1N4AA5AP1CC395292
Volkswagen,Eos,2008,JN8AZ2ND6F9294613
Mercedes-Benz,C-Class,1998,1GKS1HE04BR186030
Kia,Sportage,1995,1GKS1KE01DR920414
Honda,Accord,1996,2G4WE567151394046
Chevrolet,Blazer,1992,WAUJC68E32A040047
Mazda,CX-7,2007,5UXKR6C58F0188816
Honda,Odyssey,2004,WBA3T3C5XF5318987
GMC,Acadia,2009,JHMFA3F25BS133859
Mercedes-Benz,SLK-Class,2007,2G61N5S32E9253668
Lamborghini,Gallardo,2003,WVWAN7ANXEE101680
Ford,Windstar,2002,5GAKVCEDXCJ062836
Pontiac,Grand Prix,1990,1N6AA0CC6DN854424
BMW,1 Series,2011,WBAKB0C56CC020893
Kia,Sedona,2003,WVGBF7A91AD709751
Dodge,Challenger,2011,SCBLE47K59C432580
Mercury,Monterey,2007,5N1AA0ND3EN510815
Cadillac,Catera,1998,1FTEX1CM6BF428173
Kia,Rio,2008,1N6AA0EC3DN981631
Dodge,Intrepid,2004,1G4GE5EV6AF832003
Mazda,MX-5,1993,WAUKGBFB7BN320458
Subaru,Forester,2006,WBADR63473G833876
Ford,Taurus,1997,WBAEB53599C704971
Ferrari,599 GTB Fiorano,2008,WP0CA2A82DS176813
Subaru,BRZ,2013,3N1CN7AP1FL046051
Mercedes-Benz,SLK-Class,2004,5FRYD4H94GB283420
Honda,Accord,2000,WBS3C9C57FJ749504
Dodge,Charger,1970,JN8AZ2KR1BT563971
Pontiac,Bonneville,1988,WAUFFAFM7BA711794
Toyota,Highlander,2003,WBAWB73568P626365
Infiniti,Q,1996,JTHBE1BL0E5402357
Jeep,Grand Cherokee,2006,WDDHF0EB0FB844019
Chrysler,Town & Country,2000,WA1LMAFE5ED501647
Mitsubishi,Eclipse,2005,WBAXH5C51DD700617
Kia,Sedona,2010,WDDEJ7KB5CA546355
Mercury,Mystique,1999,WAUDV74F99N849048
Mercury,Lynx,1985,SALAG2D45DA491750
Infiniti,FX,2009,SCFPDCGP7EG587157
Saab,9000,1990,WAUKG98E36A514384
Buick,Reatta,1989,JN8AZ2KR0DT141306
Suzuki,SJ,1989,WBAYP9C52DD807304
Ford,E-350 Super Duty,2006,4T1BD1FK2EU960394
Rolls-Royce,Ghost,2012,3D73M4HL1BG147410
Mercury,Sable,1998,5FNYF3H22BB524084
BMW,5 Series,1998,1G6AB5SAXE0590316
Audi,Q7,2007,WA1CGBFE8BD176615
Mercedes-Benz,W201,1987,19VDE1F37FE535314
Jeep,Grand Cherokee,1996,SAJWA6AT6F8278142
Honda,CR-V,2010,2FMDK4KC0AB284281
Ford,Tempo,1989,SCBLC31EX2C903972
Ford,Courier,1989,WBA3B1C5XDF752213
Chevrolet,Cobalt,2010,WVWED7AJXAW479259
Chevrolet,3500,1994,1N6AD0CW6EN186143
BMW,M3,2003,1GD12YEGXFF942903
Volkswagen,GTI,2002,19XFB4F28EE145614
Ford,E150,2007,3GYFNEEY6BS036482
GMC,Envoy XL,2005,1G6KD57Y71U324856
Nissan,Maxima,2006,JN8AZ1MU6EW960493
Saturn,VUE,2009,KMHEC4A43DA340132
Dodge,Dakota Club,2000,JTDKDTB33F1973849
Jaguar,XK,2009,5J6TF1H59FL056165
Jeep,Wrangler,2011,5N1CR2MN2EC406352
Mitsubishi,Starion,1984,JTEBU4BF7AK660298
Mazda,Mazda6,2010,WAUVT58E32A676463
Mercedes-Benz,E-Class,2009,WDDUG7JBXFA528739
Nissan,Maxima,2003,2C4RDGBG0DR491566
Hyundai,Tiburon,2009,KMHFG4JG4CA396758
Nissan,Frontier,2006,WBABW33405P493651
Chevrolet,Malibu,1997,WAURV78T79A357373
Dodge,Viper RT/10,1995,JN8AZ1MU9CW095211
Ford,F-250 Super Duty,2006,WAUMV94E19N864100
BMW,5 Series,1998,3D73Y3CL5BG856234
Maserati,Quattroporte,2010,TRUTC28N761138787
GMC,Sonoma,1994,WBAEV334X4K882664
Acura,TSX,2006,1GD12ZCG8CF358150
Audi,S4,2000,1G4GA5GC3BF365860
BMW,X5,2012,1GKS1AKC3FR502626
Pontiac,Bonneville,1984,WBA3B9C55DF653023
Volkswagen,Eurovan,1995,1C4AJWAG5FL368679
GMC,Savana 2500,1998,WBAWC33547P629558
Chrysler,LHS,2000,WAUDGAFL7EA081209
Cadillac,Seville,1995,WAU3GBFC2DN550795
Honda,Insight,2002,1GYUKAEF4AR355260
Ford,E-Series,1991,JM1NC2LF9F0262052
Ford,Mustang,1973,1G6YV34A855361370
Nissan,Maxima,1996,1HGCR2E35DA731879
Mitsubishi,Outlander,2011,ZFF75VFA2F0668714
GMC,Jimmy,1997,WAU4GAFB9BN719939
Chevrolet,Equinox,2006,5J8TB4H36GL472601
BMW,5 Series,1992,JN1BJ0HRXFM196431
Maybach,Landaulet,2009,2G61W5S87E9432250
Toyota,Celica,2004,3D7TP2CT0BG423367
Kia,Optima,2005,SCFFDAAM3EG173016
Dodge,Grand Caravan,2002,WBAAV53431F699184
Oldsmobile,Cutlass Supreme,1993,JHMZF1D48FS893183
Audi,A4,2005,SCFFBCBD9AG577688
Hyundai,Accent,2005,5N1AZ2MG0FN739213
Acura,RL,2005,YV1672MK3C2854321
Audi,100,1993,5UXWX9C55D0233510
Acura,MDX,2009,WVWAB7AJ1DW532794
Ford,Flex,2011,1FTMF1C84AK484491
GMC,Envoy,2003,WAUFFBFL9AN663834
Isuzu,Amigo,2000,WBANU53568B408661
Chevrolet,Tahoe,2007,JN8AF5MR1FT929392
Pontiac,Aztek,2003,WBS3U9C57FJ298684
BMW,7 Series,1999,WAULT58E65A561643
Ford,F-Series,1989,WBABW53445P337902
Aston Martin,DB9,2007,5UXWX5C53BL130851
Chevrolet,Camaro,1978,1G4GA5GR8DF669340
GMC,Savana 1500,2010,4T1BF1FK8CU331648
Subaru,XT,1988,1G6DD67V680339323
Chevrolet,Equinox,2011,WBAVC93508K739911
Mazda,626,1986,1FTMF1CWXAK790576
Subaru,Forester,2003,1G6DS57V590688362
Ford,Mustang,1989,JM3TB2CAXE0921082
Hummer,H1,2004,4JGCB2FE3AA556784
Volkswagen,Cabriolet,2000,JA32X8HW4EU593842
Chevrolet,G-Series G10,1993,3C63DRBL9CG672403
Honda,Pilot,2007,1G6KD57Y09U235139
Chevrolet,Malibu,2005,JH4KB163X8C929387
Mercedes-Benz,300SD,1993,WBA3R1C56EK677577
Hyundai,Elantra,1999,2G61W5S83F9891051
Dodge,Colt,1993,WAUMFAFH7FN526895
Cadillac,Escalade,2008,3C63D2GL7CG238853
Honda,Pilot,2003,SCFAD05D89G993421
Dodge,Ram Van 2500,1998,WBA3X9C5XED206914
Mazda,Mazda6,2008,WVGAV7AX1BW686393
Chevrolet,Monte Carlo,2005,JN1AZ4EH3AM859211
Chrysler,Town & Country,2002,WDDEJ7HB1AA377374
Toyota,Land Cruiser,1992,SCBBP9ZA2AC909624
Dodge,Caravan,2008,WAUNF78P28A694644
Mitsubishi,Excel,1989,3N1CN7AP0FL435764
Pontiac,G6,2006,1G6KS54Y61U068428
Volkswagen,Scirocco,1984,WBANB53537C043970
Nissan,Maxima,1998,WAURVAFD6CN685697
Pontiac,GTO,1970,5FRYD4H25GB547568
Chevrolet,Corsica,1992,WA1EY94L17D973926
Acura,ZDX,2010,WBABS53441J583275
Chevrolet,Silverado 2500,2005,WVWBN7AN3FE821473
Honda,Prelude,1986,SCBGU3ZA4FC348703
Lincoln,Navigator,2011,JH4CU2F47CC027172
Mercedes-Benz,600SEC,1993,WDDJK6FA4FF290787
Land Rover,Discovery,1995,1VWAS7A31FC848554
Pontiac,Vibe,2004,WA1AM74L79D455112
Pontiac,6000,1991,1C3ADEAZ2DV733182
Lincoln,Continental,1986,WA1BV74L87D032053
Hyundai,Scoupe,1995,2C3CK6CT9AH589888
Cadillac,Escalade,2003,3GTU2YEJ4CG776272
Mazda,Mazda5,2008,1G6KP5E93AU825374
Mercury,Tracer,1997,1FTEW1E89AK340999
Mazda,Navajo,1991,2G4WF551621740906
Geo,Metro,1996,2FMDK4GCXAB330126
Porsche,Boxster,2005,5N1AT2ML9EC502096
Buick,Skylark,1992,2HNYD28478H948763
Rolls-Royce,Phantom,2011,WA1AY74L97D834355
Ford,Tempo,1988,1C3CDZEGXCN199212
Lexus,LX,2001,5XYZG3AB7CG502927
Porsche,Cayenne,2008,WAUSH94F88N930177
Mercedes-Benz,SLK-Class,2009,WAULFAFR8BA785174
Nissan,Sentra,1992,1G6AC1R38F0493260
Chevrolet,Corvette,2007,SALFR2BG0EH936210
Dodge,Dakota,2002,SCFAB02E09G458974
Mitsubishi,Pajero,1987,WAUVT68E45A500080
Dodge,Ram 1500 Club,1999,5UXFE83568L834297
Dodge,Ram 1500 Club,1997,WVWAP7AN8EE011681
Lexus,ES,2005,JTHBL5EF6E5277500
BMW,M5,2008,WAUKH98E46A295772
Kia,Optima,2003,WBALM5C55BE647650
Dodge,Viper,2005,1J4NF1FB7BD549302
Buick,LeSabre,1991,WAUAKAFB4BN992353
Mazda,MX-5,2011,1G6DX67D170538678
Toyota,Yaris,2007,KNDMB5C19F6501293
Infiniti,G,2007,1GD01ZCG4CF528583
Audi,S4,2011,WBSPM9C53AE946251
Honda,Pilot,2009,1G4HD57208U264105
Lotus,Esprit,2001,WBAFZ9C57DD348661
Suzuki,Samurai,1994,KMHHT6KD5AU447460
Dodge,Ram 3500,1995,1C6RD6MT5CS713995
Pontiac,6000,1985,1G4GG5G32DF807237
Dodge,Ram Van 3500,1999,1HGCR2F31DA242409
Chevrolet,Impala,2004,WBAEB53569C482017
Kia,Sportage,2006,WAUEFAFL9FA408928
Lincoln,Continental Mark VII,1991,1GKS1AE02ER808040
Honda,S2000,2003,WA1CV74L47D458648
Chrysler,Town & Country,1994,1FMJK1H57EE805582
Toyota,Prius,2009,1N6AA0EC7FN502114
BMW,330,2005,1C4RDHAGXCC118775
Chevrolet,Beretta,1994,WAUEV74F07N767744
Chevrolet,S10,1996,2HNYD18203H661606
Plymouth,Laser,1989,WBADX1C56CJ587424
GMC,3500,1992,2C4RRGAG9DR183508
Pontiac,Bonneville,1999,2HNYD28538H572104
Buick,Roadmaster,1995,1FTWW3DY8AE907283
Chevrolet,Prizm,2002,WAUKF98E68A569840
GMC,Safari,2002,WAUML54B63N155156
Acura,Legend,1993,WBAWC33558P730898
Porsche,911,1988,1D4SD6GT6BC811628
Chevrolet,Malibu,2009,WBAPM7C58AE558411
Nissan,Titan,2008,KMHHT6KD7DU592259
Lexus,GX,2009,JTHBE5C27A5578359
Ford,F-Series,2003,WVWAN7AN7EE232842
Chevrolet,Suburban 1500,2006,WAUTFAFH6BN252059
Aston Martin,Vantage,2007,2HNYD28847H093005
Kia,Carens,2008,1G6KF54955U163744
Nissan,Altima,2009,KNAFX6A87E5205738
Dodge,Dakota,1996,WAUMGBFL6DA685242
Buick,Skylark,1987,1VWAH7A39CC874121
Dodge,Ram 2500,2002,1G4PN5SK7C4166228
Toyota,Sienna,2003,1G6AV5S83E0807516
Jeep,Wrangler,2012,WBANE53506C628821
Ford,Windstar,1996,1D7RV1CT9BS217497
Mitsubishi,Truck,1988,2G4WE587061530648
Subaru,Alcyone SVX,1995,WAUKF78E38A662741
Hyundai,Scoupe,1994,5N1AA0NC2FN786203
BMW,5 Series,1995,4A4AP3AU6FE342723
Ford,Crown Victoria,2006,WAUSH98EX7A692940
Lexus,LS,1996,JTDKN3DU3A0572688
Buick,Roadmaster,1993,4T1BF1FK2CU334612
Mercedes-Benz,600SEC,1993,WAUFEAFM2CA163224
Ford,Festiva,1993,WA1LGAFE8FD906670
Ford,Thunderbird,1988,4A31K5DF9CE111497
BMW,325,2005,5UXWX9C58E0746218
Buick,LeSabre,1991,WAUNF78P68A088358
Chevrolet,Suburban 2500,2000,WAU4GBFB5BN280468
Buick,LaCrosse,2012,3C6TD5LTXCG644472
Pontiac,Bonneville,1991,WAUJFAFH3CN094952
Audi,Allroad,2005,KNADM4A30E6868913
Saab,9000,1995,2G4WS52J741874634
Dodge,Viper,2009,SCFFDABMXDG089319
Honda,Element,2011,5N1AR1NB6CC770972
Chevrolet,Impala,2000,3C3CFFARXFT138432
Jeep,Liberty,2011,JTHDU1EF7C5742474
Chrysler,Town & Country,2003,5N1AA0NC1AN782197
Acura,MDX,2010,2C3CDYBT5CH277268
BMW,Z4,2011,5UXKR2C54F0005792
Honda,Element,2007,WAUMGBFL1AA697536
Toyota,Sequoia,2001,WBAYF8C56FD738827
Bentley,Continental Super,2012,WAUEH98E46A698342
Toyota,Solara,2003,1FMJU1G54AE188048
Buick,Somerset,1987,JHMGE8G38DC164355
Dodge,Dynasty,1993,1N6AF0LY4FN607130
Ford,Explorer,1993,WP0CA2A83AS982140
Oldsmobile,Cutlass Supreme,1997,19UYA426X1A280967
Ford,Explorer Sport Trac,2000,1FMJU1G56AE719878
Chrysler,LHS,1995,1N6AD0CU6AC496121
Ford,Crown Victoria,1993,JH4DC53872C264906
Volkswagen,Tiguan,2011,1G6KE57Y85U287142
GMC,Yukon Denali,2000,1G6AS5S31E0752299
Plymouth,Acclaim,1994,1G4HD5EM0AU179498
Ford,Econoline E350,2001,WAUBFBFLXAN239772
BMW,X6 M,2011,WAUWFAFL2BA829923
Toyota,Sienna,2010,JTHBL5EFXD5273982
Dodge,Charger,2009,WBA6B4C51FD789213
Chevrolet,Corvette,1954,5UXFA53512L924409
Chevrolet,Camaro,1996,WBA6A0C56FG403573
Chevrolet,Malibu Maxx,2006,WDDJK7DA4FF008351
Ford,Club Wagon,1994,WVGAV3AX8DW692283
Kia,Sedona,2007,1FMJU1J53AE165272
Subaru,Outback,2009,WAUNF68P66A859702
GMC,Envoy,2007,2FMDK4KC5AB816351
Daewoo,Leganza,1999,WAUKG78E35A702728
Hyundai,Sonata,2008,5FRYD4H26GB515051
Ford,Windstar,2000,YV126MFC1F2456189
Cadillac,Fleetwood,1992,WVWED7AJ8BW336716
Nissan,GT-R,2010,WBAYE8C58ED323154
Volvo,V40,2001,JM1NC2PF7F0150179
Isuzu,Trooper,1994,WAUFFAFL5FA082601
Chrysler,Concorde,1997,2G4WB55K041271044
Dodge,Ram 1500,2000,1G6DV1EP8B0396618
Cadillac,CTS,2003,2C3CA6CTXBH941560
Oldsmobile,Cutlass Supreme,1994,5UXKS4C53F0568493
Ford,Escape,2004,5J6TF1H35BL778581
Aston Martin,DBS,2009,1GD01ZCG0DF080277
Lexus,IS,2007,1FTEX1E86AF428222
Dodge,Durango,2005,3C63DRBLXCG407179
Bentley,Azure T,2010,KM8NU4CC7BU429554
Mitsubishi,Mighty Max,1986,19UUA66265A188813
Mazda,B-Series Plus,2002,WBANW53569C316794
Chevrolet,Impala,2007,WAUAC68D71A946711
Ford,Thunderbird,1958,2V4RW3D17AR780795
Mazda,626,1999,3N1CN7AP1FL108676
Infiniti,EX,2008,4JGDA2EB2DA676658
Ford,Taurus,2004,SCBGR3ZA1DC405745
Lamborghini,Countach,1987,2C3CCAJG9EH043118
Mazda,Miata MX-5,1994,JM3TB2MA7A0867183
Volvo,V50,2008,1G6KD57Y35U618602
Mercury,Topaz,1994,4T1BK3DB6BU180415
Audi,Q5,2012,WBAWC33577P358477
Toyota,Supra,1998,JTDJTUD36DD615240
Oldsmobile,88,1994,SAJWA4EC3CM773299
Chevrolet,Blazer,1996,2HNYD18674H260834
Volvo,V40,2000,YV126MFK8F1786568
Toyota,Avalon,2009,WA1CYBFE0AD215869
Toyota,Sequoia,2006,5GAKRBED1CJ050766
Audi,S6,2011,WDBSK7BA5CF561666
Fairthorpe,Rockette,1960,1G4GC5GR4DF525441
Chevrolet,G-Series G30,1994,SALGR2WF5EA149302
Chrysler,300M,2003,2T3BFREV8DW453784
Mercedes-Benz,S-Class,2010,5NPET4AC0AH963773
Mitsubishi,Truck,1996,1G6DC1E31E0102838
Nissan,Sentra,2003,WAURFAFR8AA632707
Mercury,Grand Marquis,2001,3FAHP0KC4AR318751
Audi,A8,2002,WA1YD64B42N549304
Volkswagen,Cabriolet,1986,WUAGL78EX6A589983
Suzuki,Daewoo Lacetti,2007,1G6AR5SXXF0411970
BMW,5 Series,2009,JTHBE5C24D5013782
Ford,Thunderbird,1985,1G6KE54Y45U728270
Chevrolet,Suburban 1500,2007,JM1NC2LF6F0082401
Lincoln,Town Car,1986,1YVHZ8BH1D5438314
Chevrolet,Malibu,2013,1FA6P0G76F5404544
Honda,Ridgeline,2007,WAULT64B03N397152
Mazda,Familia,1992,1GTN1UEH1FZ271159
Subaru,Forester,2009,1C4RDHDG2FC535274
Hyundai,Tucson,2007,YV126MFC0F2931363
Mercury,Marquis,1984,1D7RW7GP7AS536408
Honda,Odyssey,2005,WA1CFAFP9CA962473
Toyota,Camry Hybrid,2008,1G6KE54Y72U278058
Mercury,Sable,1997,1G4PR5SK1C4899475
Chrysler,LHS,1996,1FADP5AU7FL152396
Jaguar,XK Series,2004,JN1CV6EK1CM771322
Ford,Expedition,2001,WBA1M1C53FV357008
BMW,3 Series,1998,1C4SDHCT1EC974268
Lotus,Esprit,2000,WAUFFAFL7EN029034
Plymouth,Laser,1993,1GYEC63T24R063571
Mercedes-Benz,S-Class,1996,JTHFF2C2XE2815947
MINI,Cooper Clubman,2011,1G6KD57Y88U984320
Buick,Century,1994,1G4GC5G32FF993036
Toyota,Camry,2000,KMHGH4JF7BU866321
Ford,Expedition,2005,19UYA42463A446208
GMC,2500,1996,WAUDH98E48A391493
Toyota,Venza,2011,1N4AB7AP5DN238881
Hyundai,XG350,2005,3VWML7AJ7EM184699
Lamborghini,Diablo,1993,WBA6B8C51ED268868
Pontiac,Firefly,1990,3D73M4CL6BG062442
Nissan,NV3500,2012,2B3CL3CG2BH597876
Land Rover,Discovery,2008,1GTN2TEH9FZ191115
Hyundai,Tiburon,2000,WBAKG7C50DE983160
Cadillac,DeVille,1996,WBALL5C59FP213390
Ford,E150,1984,1G4PT5SV0D4892899
Aston Martin,Vantage,2011,WA1EY74L69D902468
Mercury,Sable,1998,WAUMGAFL0BA635847
Jeep,Liberty,2006,WAUBH64B51N838266
Ford,Crown Victoria,1993,3C4PDDEG7DT138594
Buick,Reatta,1989,1C4RJEAGXFC804584
Mazda,626,2002,2C4RDGDG6FR822151
Mazda,MX-5,1995,1N4AL3AP2EC082057
Toyota,4Runner,1996,1G6KF54931U366688
Audi,5000S,1986,WAUDN74F08N875679
Ford,Probe,1994,KNADH5A3XB6453183
Mitsubishi,Galant,1993,1G4HP54K754863767
Suzuki,Swift,1990,YV140MAK0F1026118
Mazda,B-Series,1997,3FADP0L36CR456677
Mitsubishi,Montero,1995,WAUAF98E77A504960
Pontiac,Montana SV6,2005,2C3CDYBT6DH843312
Ford,E150,2007,2C3CDXGJ4EH544226
GMC,Sierra,2009,WAUUFAFH7BN217230
Ford,Explorer,2013,JH4KA96512C525243
Subaru,Legacy,2011,2T2BK1BA1AC064811
Mazda,MPV,1992,1G6DU6EV4A0202552
Dodge,Ram 2500,2006,5NPDH4AE4CH130821
Infiniti,I,2000,WBAFR9C57BD693623
Mazda,Miata MX-5,2008,WAUBNBFB2AN304916
Toyota,Matrix,2003,JN1AZ4EHXAM850781
Chevrolet,Camaro,1973,JH4KA96514C461790
Nissan,Maxima,2007,SALGR2VF3EA548551
Kia,Rio,2013,5N1AA0NC4EN573316
Ford,Crown Victoria,2000,1FBAX2CM2FK407861
Chevrolet,3500,1998,W04GN5EC8B1084477
Rolls-Royce,Phantom,2013,WBAPK7C5XBA755000
Dodge,Grand Caravan,1999,5UXKR2C55E0352272
Volvo,S80,2009,WA1VGAFP3FA768600
BMW,M3,2004,3GYFNBEY7AS620905
Mercedes-Benz,M-Class,2011,1D4RE3GG1BC754123
Mazda,RX-8,2011,5UXKR6C55F0550729
Volvo,S80,2009,1FTEX1CM0BK193888
Lexus,GX,2005,1G6AE5SX9E0006614
Acura,MDX,2008,2C3CA6CT8BH807498
Mazda,626,1994,WBAUU3C55BA311027
Mitsubishi,Pajero,2004,1G6DD1E37E0537697
Toyota,Tacoma,2003,4T1BK1EBXEU906932
Volkswagen,rio,1998,2G4WB55K231855220
Volvo,S90,1997,SCFFBCBD3AG091961
Ford,Mustang,2002,YV1902FH7D1317865
Chevrolet,Silverado 1500,2001,1N4AL3AP6EC358921
Toyota,Tacoma,1996,1G4GA5ER0CF909367
Toyota,Tacoma,1999,1C3BCBFG1EN614148
Toyota,4Runner,1994,1C3CDZCBXDN130478
Bentley,Arnage,2008,5N1BA0ND6FN362102
Subaru,Legacy,1989,4F2CY0C76AK119482
Isuzu,Rodeo,1992,1N6AA0EK5FN826766
Jeep,Cherokee,1998,1N6AD0CU9FN877358
Audi,V8,1994,1G4HD572X7U890906
Chevrolet,Corvette,2007,2D4RN3DGXBR797788
Mitsubishi,Eclipse,1996,2G4WB55K311356195
Hyundai,Sonata,2012,JN8AF5MR6ET113082
Pontiac,Firebird,1992,3C6TD4KT3CG840488
Ford,E-Series,2009,WBAPH5G51AN845382
Ford,Explorer,1997,WBA3R5C53EF254410
Honda,Civic,1998,JN1CV6AP2AM580149
Ford,Mustang,1990,WVGFF9BP2BD895294
Pontiac,Grand Prix,1990,1FMCU0E72AK487739
Chevrolet,Traverse,2012,1VWAS7A33FC822697
GMC,Jimmy,1996,WAUDT74F75N368196
Dodge,Magnum,2006,WAUFGAFC5EN768707
Lexus,RX,2012,KNDMG4C7XE6367294
